{
  "generated": "2025-12-19T23:49:48.946320",
  "beasis_root": "/storage/emulated/0/unexusi_beasis",
  "total_files": 55022,
  "total_size": 8706986224,
  "unique_families": 345,
  "duplicate_count": 54677,
  "catalog_entries": 12416,
  "stats": {
    "duplicate_distribution": {
      "1": 345,
      "5": 2804,
      "25": 5,
      "4": 276,
      "6": 65,
      "3": 316,
      "12": 70,
      "13": 23,
      "14": 35,
      "2": 6034,
      "47": 1,
      "23": 10,
      "9": 37,
      "41": 1,
      "17": 23,
      "35": 4,
      "61": 1,
      "24": 6,
      "43": 2,
      "21": 23,
      "7": 1305,
      "10": 63,
      "16": 34,
      "46": 2,
      "11": 577,
      "19": 53,
      "8": 163,
      "15": 67,
      "18": 13,
      "27": 3,
      "28": 5,
      "22": 8,
      "30": 4,
      "32": 1,
      "26": 9,
      "39": 3,
      "20": 12,
      "31": 2,
      "52": 1,
      "65": 3,
      "92": 1,
      "305": 1,
      "85": 1,
      "50": 1,
      "80": 1,
      "40": 1,
      "38": 1
    },
    "total_gravity": 3755918.839999683
  }
}